bioproject,sra_study,organism,cohort_line,tissue_verdict,n_prefrontal,n_hippocampal,n_brain_other,n_brain_any,n_csf,n_biofluid,n_cell_model,n_tissue_unannotated,n_tissue_other,tissue_attrs,smaller_arm,case_only,control_only,unlabeled,n_runs,n_biosamples,assay_types,median_readlen,gb_per_run,total_gb,latest_release,bioproject_url,run_selector_url
PRJEB59990,ERP145031,Homo sapiens,45 samples: 33 AD-like / 12 control,PREFRONTAL,45,0,0,45,0,0,0,0,0,organism_part_sam=frontal lobe,12,33,12,0,45,45,[miRNA-Seq],50,0.146,6.6,2023-02-27 00:00:00.000000 UTC,https://www.ncbi.nlm.nih.gov/bioproject/PRJEB59990,https://www.ncbi.nlm.nih.gov/Traces/study/?acc=ERP145031
PRJNA641912,SRP268848,Homo sapiens,10 samples: 6 AD-like / 4 control,PREFRONTAL,10,0,0,10,0,0,0,0,0,"source_name_sam=prefrontal cortex, tissue_sam_ss_dpl145=prefrontal cortex",4,6,4,0,10,10,[ncRNA-Seq],22,0.362,3.6,2020-10-28 00:00:00.000000 UTC,https://www.ncbi.nlm.nih.gov/bioproject/PRJNA641912,https://www.ncbi.nlm.nih.gov/Traces/study/?acc=SRP268848
PRJNA1162507,SRP533392,Mus musculus,30 samples: 15 AD-like / 15 control,brain (other region),0,0,30,30,0,0,0,0,0,"source_name_sam=cortex, tissue_sam_ss_dpl145=cortex",15,15,15,0,30,30,[ncRNA-Seq],101,1.534,46.0,2024-12-17 00:00:00.000000 UTC,https://www.ncbi.nlm.nih.gov/bioproject/PRJNA1162507,https://www.ncbi.nlm.nih.gov/Traces/study/?acc=SRP533392
PRJNA1333830,SRP626299,Homo sapiens,19 samples: 10 AD-like / 9 control,brain (other region),0,0,19,19,0,0,0,0,0,"cell_type_sam_ss_dpl37=mixed brain cells, source_name_sam=temporal superior t1 isocortex, tissue_sam_ss_dpl145=temporal superior t1 isocortex",9,10,9,0,19,19,[miRNA-Seq],76,0.077,1.5,2025-12-08 00:00:00.000000 UTC,https://www.ncbi.nlm.nih.gov/bioproject/PRJNA1333830,https://www.ncbi.nlm.nih.gov/Traces/study/?acc=SRP626299
PRJNA1470739,SRP703904,Mus musculus,16 samples: 8 AD-like / 8 control,brain (other region),0,0,16,16,0,0,0,0,0,"source_name_sam=brain, tissue_sam_ss_dpl145=brain",8,8,8,0,16,16,[ncRNA-Seq],51,0.193,3.1,2026-06-18 00:00:00.000000 UTC,https://www.ncbi.nlm.nih.gov/bioproject/PRJNA1470739,https://www.ncbi.nlm.nih.gov/Traces/study/?acc=SRP703904
PRJNA700664,SRP305366,Mus musculus,12 samples: 6 AD-like / 6 control,brain (other region),0,12,0,12,0,0,0,0,0,"source_name_sam=hippocampus, tissue_sam_ss_dpl145=hippocampus",6,6,6,0,12,12,"[RNA-Seq,miRNA-Seq]",26,3.816,45.8,2022-07-29 00:00:00.000000 UTC,https://www.ncbi.nlm.nih.gov/bioproject/PRJNA700664,https://www.ncbi.nlm.nih.gov/Traces/study/?acc=SRP305366
PRJNA1177423,SRP540639,Mus musculus,28 samples: 4 AD-like / 14 control / 10 other,brain (other region),0,7,5,12,0,0,0,0,16,"sample_type_sam_ss_dpl131=hippocampus taup301s mouse 1, sample_type_sam_ss_dpl131=hippocampus taup301s mouse 2, sample_type_sam_ss_dpl131=hippocampus taup301s mouse 3, sample_type_sam_ss_dpl131=hippocampus taup301s mouse 4, sample_type_sam_ss_dpl131=hippocampus wt mouse 1, sample_type_sam_ss_dpl131=hippocampus wt mouse 2",4,4,14,10,28,28,[miRNA-Seq],76,0.892,25.0,2024-11-06 00:00:00.000000 UTC,https://www.ncbi.nlm.nih.gov/bioproject/PRJNA1177423,https://www.ncbi.nlm.nih.gov/Traces/study/?acc=SRP540639
PRJNA1079205,SRP490972,Homo sapiens,45 samples: 18 AD-like / 27 control,brain (other region),0,0,8,8,0,37,0,0,0,"brainid_sam=s00/036, brainid_sam=s00/097, brainid_sam=s00/282, brainid_sam=s01/194, brainid_sam=s01/216, brainid_sam=s02/008",18,18,27,0,45,45,[ncRNA-Seq],60,0.241,10.9,2025-01-30 00:00:00.000000 UTC,https://www.ncbi.nlm.nih.gov/bioproject/PRJNA1079205,https://www.ncbi.nlm.nih.gov/Traces/study/?acc=SRP490972
PRJEB48466,ERP132835,Homo sapiens,6 samples: 3 AD-like / 3 control,brain (other region),0,0,6,6,0,0,0,0,0,"cell_line_sam=neuro-2a, cell_type_sam_ss_dpl37=neuroblast, organism_part_sam=brain",3,3,3,0,6,6,[miRNA-Seq],51,0.251,1.5,2022-04-01 00:00:00.000000 UTC,https://www.ncbi.nlm.nih.gov/bioproject/PRJEB48466,https://www.ncbi.nlm.nih.gov/Traces/study/?acc=ERP132835
PRJNA1041717,SRP472505,Mus musculus,6 samples: 3 AD-like / 3 control,brain (other region),0,6,0,6,0,0,0,0,0,"source_name_sam=hippocampus, tissue_sam_ss_dpl145=hippocampus",3,3,3,0,6,6,[ncRNA-Seq],50,0.159,1.0,2023-11-22 00:00:00.000000 UTC,https://www.ncbi.nlm.nih.gov/bioproject/PRJNA1041717,https://www.ncbi.nlm.nih.gov/Traces/study/?acc=SRP472505
PRJNA646349,SRP271972,Homo sapiens,240 samples: 82 AD-like / 364 control / 46 other,biofluid/CSF only,0,0,0,0,0,492,0,0,0,"biomaterial_provider_sam=missing, isolate_sam_ss_dpl100=not applicable, tissue_sam_ss_dpl145=whole-blood",82,82,364,46,492,240,[miRNA-Seq],50,1.027,505.1,2020-11-05 00:00:00.000000 UTC,https://www.ncbi.nlm.nih.gov/bioproject/PRJNA646349,https://www.ncbi.nlm.nih.gov/Traces/study/?acc=SRP271972
PRJNA201039,SRP022043,Homo sapiens,70 samples: 48 AD-like / 22 control,biofluid/CSF only,0,0,0,0,0,70,0,0,0,source_name_sam=whole blood,22,48,22,0,70,70,[RNA-Seq],50,0.483,33.8,2013-06-17 00:00:00.000000 UTC,https://www.ncbi.nlm.nih.gov/bioproject/PRJNA201039,https://www.ncbi.nlm.nih.gov/Traces/study/?acc=SRP022043
PRJEB52506,ERP137231,Homo sapiens,48 samples: 28 AD-like / 20 control,biofluid/CSF only,0,0,0,0,0,48,0,0,0,organism_part_sam=blood plasma,20,28,20,0,48,48,[miRNA-Seq],51,0.021,1.0,2022-05-13 00:00:00.000000 UTC,https://www.ncbi.nlm.nih.gov/bioproject/PRJEB52506,https://www.ncbi.nlm.nih.gov/Traces/study/?acc=ERP137231
PRJNA1221222,SRP562354,Homo sapiens,16 samples: 8 AD-like / 8 control,biofluid/CSF only,0,0,0,0,0,16,0,0,0,"isolate_sam_ss_dpl100=ad01, isolate_sam_ss_dpl100=ad02, isolate_sam_ss_dpl100=ad03, isolate_sam_ss_dpl100=ad04, isolate_sam_ss_dpl100=ad05, isolate_sam_ss_dpl100=ad07",8,8,8,0,16,16,[miRNA-Seq],27,0.763,12.2,2025-02-13 00:00:00.000000 UTC,https://www.ncbi.nlm.nih.gov/bioproject/PRJNA1221222,https://www.ncbi.nlm.nih.gov/Traces/study/?acc=SRP562354
PRJNA1470741,SRP703899,Mus musculus,16 samples: 8 AD-like / 8 control,biofluid/CSF only,0,0,0,0,0,16,0,0,0,"source_name_sam=plasma-derived evs, tissue_sam_ss_dpl145=plasma-derived evs",8,8,8,0,16,16,[ncRNA-Seq],51,0.191,3.1,2026-06-18 00:00:00.000000 UTC,https://www.ncbi.nlm.nih.gov/bioproject/PRJNA1470741,https://www.ncbi.nlm.nih.gov/Traces/study/?acc=SRP703899
PRJNA1216298,SRP560253,Mus musculus,12 samples: 6 AD-like / 6 control,biofluid/CSF only,0,0,0,0,0,12,0,0,0,"source_name_sam=blood plasma, tissue_sam_ss_dpl145=blood plasma",6,6,6,0,12,12,[miRNA-Seq],50,0.179,2.1,2025-08-20 00:00:00.000000 UTC,https://www.ncbi.nlm.nih.gov/bioproject/PRJNA1216298,https://www.ncbi.nlm.nih.gov/Traces/study/?acc=SRP560253
PRJNA1262979,SRP585255,Homo sapiens,14 samples: 8 AD-like / 6 control,other,0,0,0,0,0,0,14,0,0,"cell_type_sam_ss_dpl37=ipsc-derived excitatory glutamatergic neuron, source_name_sam=ipsc-derived excitatory glutamatergic neuron",6,8,6,0,14,14,[ncRNA-Seq],100,4.716,66.0,2025-08-13 00:00:00.000000 UTC,https://www.ncbi.nlm.nih.gov/bioproject/PRJNA1262979,https://www.ncbi.nlm.nih.gov/Traces/study/?acc=SRP585255
PRJNA931267,SRP420831,Homo sapiens,11 samples: 7 AD-like / 4 control,biofluid/CSF only,0,0,0,0,0,11,0,0,0,"cell_type_sam_ss_dpl37=plasma, source_name_sam=blood, tissue_sam_ss_dpl145=blood",4,7,4,0,11,11,[miRNA-Seq],102,0.536,5.9,2026-02-02 00:00:00.000000 UTC,https://www.ncbi.nlm.nih.gov/bioproject/PRJNA931267,https://www.ncbi.nlm.nih.gov/Traces/study/?acc=SRP420831
PRJEB49130,ERP133592,Homo sapiens,9 samples: 3 AD-like / 3 control / 3 other,biofluid/CSF only,0,0,0,0,0,9,0,0,0,organism_part_sam=blood serum,3,3,3,3,9,9,[miRNA-Seq],27,0.488,4.4,2022-01-30 00:00:00.000000 UTC,https://www.ncbi.nlm.nih.gov/bioproject/PRJEB49130,https://www.ncbi.nlm.nih.gov/Traces/study/?acc=ERP133592