verdict,bioproject,sra_study,organism,cohort_line,evidence,tissue_verdict,smaller_arm,n_target_runs,n_target_biosamples,n_runs_total,n_total_rna_random,n_long_read,n_long_inferred,n_polya_mrna,n_small_rna,n_rna_unspecified,n_not_rna,n_random_declared,n_ribodep_declared,n_random_text,n_priming_unspecified,n_prefrontal,n_hippocampal,n_brain_other,n_brain_any,n_csf,n_biofluid,n_cell_model,n_tissue_unannotated,tissue_attrs,case_only,control_only,ambiguous,unlabeled,target_selections,target_assay_types,target_platforms,target_instruments,target_library_names,ad_terms,ctrl_terms,median_target_readlen,target_gb,latest_release,bioproject_url,run_selector_url
PASSES - real contrast,PRJEB54589,ERP139418,Mus musculus,12 target samples: 12 AD-like / 12 control,libraryselection = RANDOM,brain (other region),12,24,12,24,24,0,0,0,0,0,0,24,0,0,0,0,24,0,24,0,0,0,0,"cell_type_sam_ss_dpl37=fibroblast, cell_type_sam_ss_dpl37=microglial cell, cell_type_sam_ss_dpl37=perivascular macrophage, experimental_factor__cell_type_exp=fibroblast, experimental_factor__cell_type_exp=microglial cell, experimental_factor__cell_type_exp=perivascular macrophage",12,12,0,0,[cDNA_randomPriming],[RNA-Seq],[ILLUMINA],[Illumina NovaSeq 6000],"[Sample 1_p,Sample 2_p,Sample 3_p,Sample 4_p,Sample 5_p,Sample 6_p,Sample 7_p,Sample 8_p]",[alzheimer],[normal],138,61.1,2024-07-26 00:00:00.000000 UTC,https://www.ncbi.nlm.nih.gov/bioproject/PRJEB54589,https://www.ncbi.nlm.nih.gov/Traces/study/?acc=ERP139418
PASSES - real contrast,PRJNA720779,SRP314149,Homo sapiens,20 target samples: 10 AD-like / 10 control,libraryselection = RANDOM,brain (other region),10,20,20,20,20,0,0,0,0,0,0,20,0,0,0,0,0,20,20,0,0,0,0,"biomaterial_provider_sam=nsw brain tissue resource centre (nswbtrc), tissue_sam_ss_dpl145=precuneus, tissue_sam_ss_dpl145=primary visual cortex",10,10,0,0,[RANDOM],[RNA-Seq],[ILLUMINA],[Illumina HiSeq 2500],"[PREC_S11_control,PREC_S12_AD,PREC_S18_AD,PREC_S20_AD,PREC_S26_AD,PREC_S28_AD,PREC_S36_control,PREC_S43_control]",[alzheimer],[control],250,93.7,2021-04-09 00:00:00.000000 UTC,https://www.ncbi.nlm.nih.gov/bioproject/PRJNA720779,https://www.ncbi.nlm.nih.gov/Traces/study/?acc=SRP314149
PASSES - real contrast,PRJNA343313,SRP090064,Mus musculus,19 target samples: 11 AD-like / 8 control,libraryselection = RANDOM,brain (other region),8,19,19,19,19,0,0,0,0,0,0,19,0,0,0,0,19,0,19,0,0,0,0,"sample_type_sam_ss_dpl131=hippocampus tissue sample, tissue_sam_ss_dpl145=hippocampus",11,8,0,0,[RANDOM],[RNA-Seq],[ILLUMINA],[Illumina HiSeq 2000],"[y_NTg_HSP_5_Illumina_TruSeq,y_Tg_HSP_6_Illumina_TruSeq,y_Tg_NaCl_20_Illumina_TruSeq,y_NTg_NaCl_19_Illumina_TruSeq,y_Tg_NaCl_18_Illumina_TruSeq,y_NTg_HSP_10_Illumina_TruSeq,y_Tg_HSP_1_Illumina_TruSeq,y_Tg_HSP_2_Illumina_TruSeq]",[5xfad],[wild-type],51,14.9,2017-09-21 00:00:00.000000 UTC,https://www.ncbi.nlm.nih.gov/bioproject/PRJNA343313,https://www.ncbi.nlm.nih.gov/Traces/study/?acc=SRP090064
PASSES - real contrast,PRJNA1010141,SRP457268,Mus musculus,18 target samples: 12 AD-like / 6 control,libraryselection = RANDOM,brain (other region),6,18,18,18,18,0,0,0,0,0,0,18,0,0,0,0,18,0,18,0,0,0,0,tissue_sam_ss_dpl145=hippocampus,12,6,0,0,[RANDOM],[RNA-Seq],[ILLUMINA],[NextSeq 550],"[A1042,A1021,A1028,A1048,A1043,A1045,A1033,A1038]",[app/ps1],[wt],76,18.8,2023-08-30 00:00:00.000000 UTC,https://www.ncbi.nlm.nih.gov/bioproject/PRJNA1010141,https://www.ncbi.nlm.nih.gov/Traces/study/?acc=SRP457268
PASSES - real contrast,PRJNA1086227,SRP494400,Mus musculus,12 target samples: 6 AD-like / 6 control,libraryselection = RANDOM,brain (other region),6,12,12,12,12,0,0,0,0,0,0,12,0,0,0,0,0,12,12,0,0,0,0,"biomaterial_provider_sam=inhee mook-jung, cell_type_sam_ss_dpl37=adult microglia, isolate_sam_ss_dpl100=brain microglia, tissue_sam_ss_dpl145=brain",6,6,0,0,[RANDOM],[RNA-Seq],[ILLUMINA],[Illumina HiSeq X],"[QNT0773,QNT0774,QNT0776,QNT0781,QNT0782,QNT0784,QNT0777,QNT0778]",[alzheimer],[wt],202,11.4,2025-05-01 00:00:00.000000 UTC,https://www.ncbi.nlm.nih.gov/bioproject/PRJNA1086227,https://www.ncbi.nlm.nih.gov/Traces/study/?acc=SRP494400
PASSES - real contrast,PRJNA625487,SRP256460,Mus musculus,12 target samples: 6 AD-like / 6 control,free text only - VERIFY,brain (other region),6,12,12,12,12,0,0,0,0,0,0,0,0,12,0,0,0,12,12,0,0,0,0,"source_name_sam=p301l mouse (tg4510), source_name_sam=tau-12 ip rna from wt mouse (tg21221), source_name_sam=tau-ip ip rna from p301l mouse (tg4510), source_name_sam=wt mouse (tg21221), tissue_sam_ss_dpl145=brain",6,6,0,0,[cDNA],[RNA-Seq],[ILLUMINA],[Illumina NovaSeq 6000],[],[p301l],[wt],302,67.4,2021-04-06 00:00:00.000000 UTC,https://www.ncbi.nlm.nih.gov/bioproject/PRJNA625487,https://www.ncbi.nlm.nih.gov/Traces/study/?acc=SRP256460
PASSES - real contrast,PRJEB106899,ERP187944,Mus musculus,12 target samples: 6 AD-like / 6 control,libraryselection = RANDOM,brain (other region),6,12,12,12,12,0,0,0,0,0,0,12,0,0,0,0,12,0,12,0,0,0,0,"isolate_sam_ss_dpl100=not applicable, organism_part_sam=hippocampal formation",6,6,0,0,[cDNA_randomPriming],[RNA-Seq],[ILLUMINA],[Illumina NovaSeq 6000],"[S10_rTg4510_4M_356_p,S11_rTg4510_4M_357_p,S12_rTg4510_4M_358_p,S1_WT_2M_352_p,S2_WT_2M_360_p,S3_WT_2M_365_p,S4_WT_4M_284_p,S5_WT_4M_288_p]",[rtg4510],[wild type],202,29.5,2026-01-20 00:00:00.000000 UTC,https://www.ncbi.nlm.nih.gov/bioproject/PRJEB106899,https://www.ncbi.nlm.nih.gov/Traces/study/?acc=ERP187944
PASSES - real contrast,PRJNA739253,SRP324683,Homo sapiens,12 target samples: 7 AD-like / 5 control,libraryselection = RANDOM,brain (other region),5,12,12,12,12,0,0,0,0,0,0,12,0,0,0,0,0,12,12,0,0,0,0,"isolate_sam_ss_dpl100=a032/13, isolate_sam_ss_dpl100=a046/18, isolate_sam_ss_dpl100=a053/11, isolate_sam_ss_dpl100=a092/15, isolate_sam_ss_dpl100=a134/00, isolate_sam_ss_dpl100=a139/00",7,5,0,0,[RANDOM],[RNA-Seq],[ILLUMINA],[Illumina NovaSeq 6000],"[S18,S11,S10,S3,S9,S17,S7,S8]",[alzheimer],[control],271,36.8,2022-09-28 00:00:00.000000 UTC,https://www.ncbi.nlm.nih.gov/bioproject/PRJNA739253,https://www.ncbi.nlm.nih.gov/Traces/study/?acc=SRP324683
PASSES - real contrast,PRJNA719114,SRP313263,Mus musculus,6 target samples: 3 AD-like / 3 control,long-read platform,brain (other region),3,6,6,6,0,6,0,0,0,6,0,0,0,0,6,0,6,0,6,0,0,0,0,"source_name_sam=hippocampus l+r, tissue_sam_ss_dpl145=hippocampus l+r",3,3,0,0,[cDNA],[RNA-Seq],[OXFORD_NANOPORE],"[PromethION,MinION]",[],[nl-g-f],[wt],524,18.0,2026-06-10 00:00:00.000000 UTC,https://www.ncbi.nlm.nih.gov/bioproject/PRJNA719114,https://www.ncbi.nlm.nih.gov/Traces/study/?acc=SRP313263
PASSES - real contrast,PRJNA1321933,SRP618471,Homo sapiens,829 target samples: 710 AD-like / 119 control,libraryselection = RANDOM,biofluid/CSF only,119,829,829,851,829,0,0,22,0,0,0,829,0,0,0,0,0,0,0,0,829,0,0,"biomaterial_provider_sam=weiner lab, brigham and women's hospital, cell_type_sam_ss_dpl37=b, cell_type_sam_ss_dpl37=cd4+ t, cell_type_sam_ss_dpl37=cd8+ t, cell_type_sam_ss_dpl37=classical monocytes, cell_type_sam_ss_dpl37=intermediate monocytes",710,119,0,0,[cDNA_randomPriming],[RNA-Seq],[ILLUMINA],[NextSeq 500],"[SK-5ABN_D01,SK-5ABN_D02,SK-5ABN_D03,SK-5ABN_D04,SK-5ABN_D07,SK-5ABN_D08,SK-5ABN_D09,SK-5ABN_D10]",[alzheimer],[control],76,162.7,2026-05-12 00:00:00.000000 UTC,https://www.ncbi.nlm.nih.gov/bioproject/PRJNA1321933,https://www.ncbi.nlm.nih.gov/Traces/study/?acc=SRP618471
single-arm or too small,PRJNA1238317,SRP571630,Homo sapiens,12 target samples: 6 AD-like / 0 control / 6 other,long-read platform,PREFRONTAL,0,12,12,12,0,12,0,12,0,0,0,0,0,0,0,12,0,0,12,0,0,0,0,"isolate_sam_ss_dpl100=p2503, isolate_sam_ss_dpl100=p2805, isolate_sam_ss_dpl100=p2843, isolate_sam_ss_dpl100=p2920, isolate_sam_ss_dpl100=p2921, isolate_sam_ss_dpl100=p2937",6,0,0,6,[cDNA_oligo_dT],[RNA-Seq],[OXFORD_NANOPORE],[PromethION],"[FTD_1_ONT,FTD_2_ONT,FTD_3_ONT,FTD_4_ONT,FTD_5_ONT,FTD_6_ONT,Ctrl_1_ONT,Ctrl_2_ONT]",[dementia],[],851,669.0,2025-07-16 00:00:00.000000 UTC,https://www.ncbi.nlm.nih.gov/bioproject/PRJNA1238317,https://www.ncbi.nlm.nih.gov/Traces/study/?acc=SRP571630
single-arm or too small,PRJNA981131,SRP441681,Mus musculus,47 target samples: 27 AD-like / 0 control,long-read platform,brain (other region),0,47,47,47,0,47,0,0,0,47,0,0,0,0,0,0,47,0,47,0,0,0,0,"biomaterial_provider_sam=eli lilly and company (uk), isolate_sam_ss_dpl100=k17, isolate_sam_ss_dpl100=k18, isolate_sam_ss_dpl100=k19, isolate_sam_ss_dpl100=k20, isolate_sam_ss_dpl100=k20, k18, k23, k21, k19, k17",27,0,20,0,[RT-PCR],[FL-cDNA],"[PACBIO_SMRT,OXFORD_NANOPORE]","[Sequel,MinION]","[Batch PacBio 1 flowcell,Batch PacBio 2 flowcell,Batch PacBio 3 flowcell,Batch ONT 1 flowcell,Batch ONT 2 flowcell,PacBio demultiplexed sample Batch 1, Sample 1,PacBio demultiplexed sample Batch 1, Sample 2,PacBio demultiplexed sample Batch 1, Sample 3]",[p301l],[wt],1497,49.9,2024-06-18 00:00:00.000000 UTC,https://www.ncbi.nlm.nih.gov/bioproject/PRJNA981131,https://www.ncbi.nlm.nih.gov/Traces/study/?acc=SRP441681
single-arm or too small,PRJNA1482722,SRP713107,Mus musculus,46 target samples: 24 AD-like / 0 control / 22 other,libraryselection = Inverse rRNA,brain (other region),0,46,46,46,46,0,0,0,0,0,0,0,46,0,0,0,0,46,46,0,0,0,0,"isolate_sam_ss_dpl100=cor-1, isolate_sam_ss_dpl100=cor-114, isolate_sam_ss_dpl100=cor-120, isolate_sam_ss_dpl100=cor-121, isolate_sam_ss_dpl100=cor-124, isolate_sam_ss_dpl100=cor-131",24,0,0,22,[Inverse rRNA],[RNA-Seq],[ILLUMINA],[Illumina NovaSeq X Plus],"[WT-107,WT-5,WT-44,WT-72,WT-143,WT-6,WT-45,WT-114]","[5xfad,app/ps1]",[],300,168.7,2026-06-27 00:00:00.000000 UTC,https://www.ncbi.nlm.nih.gov/bioproject/PRJNA1482722,https://www.ncbi.nlm.nih.gov/Traces/study/?acc=SRP713107
single-arm or too small,PRJNA1117576,SRP542860,Mus musculus,18 target samples: 3 AD-like / 0 control / 15 other,libraryselection = RANDOM,brain (other region),0,18,18,18,18,0,0,0,0,0,0,18,0,0,0,0,18,0,18,0,0,0,0,"cell_line_sam=not applicable, cell_type_sam_ss_dpl37=hippocampal, isolate_sam_ss_dpl100=not applicable, sample_type_sam_ss_dpl131=tissue sample, tissue_sam_ss_dpl145=hippocampal",3,0,0,15,[cDNA_randomPriming],[RNA-Seq],[ILLUMINA],[Illumina NovaSeq 6000],"[Frozen M20_1,Frozen M20_2,Frozen M20_3,PFAHT_1,PFAHT_2,PFAHT_3,PFALT_1,PFALT_2]",[5xfad],[],133,302.0,2025-04-08 00:00:00.000000 UTC,https://www.ncbi.nlm.nih.gov/bioproject/PRJNA1117576,https://www.ncbi.nlm.nih.gov/Traces/study/?acc=SRP542860
single-arm or too small,PRJNA894145,SRP404823,Mus musculus,12 target samples: 6 AD-like / 0 control / 6 other,libraryselection = RANDOM,brain (other region),0,12,12,12,12,0,0,0,0,0,0,12,0,0,0,0,12,0,12,0,0,0,0,"isolate_sam_ss_dpl100=1a, isolate_sam_ss_dpl100=1b, isolate_sam_ss_dpl100=1c, isolate_sam_ss_dpl100=1d, isolate_sam_ss_dpl100=2a, isolate_sam_ss_dpl100=2b",6,0,0,6,[RANDOM],[RNA-Seq],[ABI_SOLID],[AB 5500 Genetic Analyzer],"[WT3.R1.fq.gz,WT3_2.R1.fq.gz,WT3_3.R1.fq.gz,AD3.R1.fq.gz,AD3_2.R1.fq.gz,AD3-3.R1.fq.gz,WT16.R1.fq.gz,WT16_2.R1.fq.gz]",[3xtg],[],141,93.2,2022-12-30 00:00:00.000000 UTC,https://www.ncbi.nlm.nih.gov/bioproject/PRJNA894145,https://www.ncbi.nlm.nih.gov/Traces/study/?acc=SRP404823
single-arm or too small,PRJNA677972,SRP292749,Mus musculus,4 target samples: 3 AD-like / 0 control / 9 other,libraryselection = RANDOM,brain (other region),0,12,4,24,12,0,0,0,0,12,0,12,0,0,0,0,0,12,12,0,0,0,0,tissue_sam_ss_dpl145=brain cortex,3,0,0,9,[RANDOM PCR],[RNA-Seq],[BGISEQ],[BGISEQ-500],"[totalRNA-1,totalRNA-3,totalRNA-2]",[tg2576],[],100,31.4,2022-01-07 00:00:00.000000 UTC,https://www.ncbi.nlm.nih.gov/bioproject/PRJNA677972,https://www.ncbi.nlm.nih.gov/Traces/study/?acc=SRP292749
single-arm or too small,PRJEB49320,ERP133814,Homo sapiens,8 target samples: 4 AD-like / 0 control / 4 other,long-read platform,brain (other region),0,8,8,8,0,8,0,0,0,8,0,0,0,0,0,0,0,8,8,0,0,0,0,"cell_line_sam=sh-sy5y, organism_part_sam=brain",4,0,0,4,[RT-PCR],[AMPLICON],[OXFORD_NANOPORE],[MinION],"[Patient 4_s,Patient 2_s,Patient 1_s,Patient 3_s,SHSY5Y_DOX_1_s,SHSY5Y_DOX_2_s,SHSY5Y_NT_1_s,SHSY5Y_NT_2_s]",[dementia],[],1612,0.2,2022-02-11 00:00:00.000000 UTC,https://www.ncbi.nlm.nih.gov/bioproject/PRJEB49320,https://www.ncbi.nlm.nih.gov/Traces/study/?acc=ERP133814
single-arm or too small,PRJNA663877,SRP282605,Mus musculus,8 target samples: 8 AD-like / 0 control,long-read platform,brain (other region),0,8,8,8,0,8,0,0,0,8,0,0,0,0,0,0,8,0,8,0,0,0,0,"biomaterial_provider_sam=eli lilly and company (windlesham, uk), isolate_sam_ss_dpl100=b21, isolate_sam_ss_dpl100=c21, isolate_sam_ss_dpl100=k17, isolate_sam_ss_dpl100=k23, isolate_sam_ss_dpl100=m21",8,0,0,0,[RT-PCR],[FL-cDNA],[PACBIO_SMRT],[Sequel],"[B21,C21,K17,K23,M21,O23,Q21,S23]",[p301l],[],1530,53.9,2021-10-05 00:00:00.000000 UTC,https://www.ncbi.nlm.nih.gov/bioproject/PRJNA663877,https://www.ncbi.nlm.nih.gov/Traces/study/?acc=SRP282605
single-arm or too small,PRJNA224740,SRP032165,Homo sapiens,8 target samples: 1 AD-like / 4 control / 3 other,long-read platform,other,1,8,8,24,0,8,0,0,0,24,0,0,0,0,8,0,0,0,0,0,0,0,0,"source_name_sam=primary fibroblast cell cultures, tissue_sam_ss_dpl145=fibroblast",1,4,0,3,[cDNA],[RNA-Seq],[ILLUMINA],[Illumina HiSeq 2000],[],[dementia],[control],45,5.3,2013-12-24 00:00:00.000000 UTC,https://www.ncbi.nlm.nih.gov/bioproject/PRJNA224740,https://www.ncbi.nlm.nih.gov/Traces/study/?acc=SRP032165
single-arm or too small,PRJNA1284072,SRP596060,Mus musculus,16 target samples: 8 AD-like / 0 control / 8 other,libraryselection = Inverse rRNA,other,0,16,16,16,16,0,0,0,0,0,0,0,16,0,0,0,0,0,0,0,0,0,0,"cell_type_sam_ss_dpl37=microglia, isolate_sam_ss_dpl100=1, isolate_sam_ss_dpl100=1706, isolate_sam_ss_dpl100=1707, isolate_sam_ss_dpl100=1708, isolate_sam_ss_dpl100=1709",8,0,0,8,[Inverse rRNA],[RNA-Seq],[ILLUMINA],[NextSeq 550],"[OBMG1,OBMG2,OBMG3,OBMG4,OBMG5,OBMG6,OBMG7,OBMG8]",[nl-g-f],[],148,24.0,2025-06-30 00:00:00.000000 UTC,https://www.ncbi.nlm.nih.gov/bioproject/PRJNA1284072,https://www.ncbi.nlm.nih.gov/Traces/study/?acc=SRP596060
single-arm or too small,PRJNA1481852,SRP712604,Mus musculus,14 target samples: 14 AD-like / 0 control,long-read platform,other,0,14,14,14,0,14,0,0,0,14,0,0,0,0,14,0,0,0,0,0,0,0,0,"source_name_sam=mild spinal cord, tissue_sam_ss_dpl145=mild spinal cord",14,0,0,0,[cDNA],[RNA-Seq],[OXFORD_NANOPORE],[PromethION],"[GSM9834810,GSM9834809,GSM9834808,GSM9834807,GSM9834806,GSM9834805,GSM9834804,GSM9834803]",[ps19],[],1412,56.1,2026-07-15 00:00:00.000000 UTC,https://www.ncbi.nlm.nih.gov/bioproject/PRJNA1481852,https://www.ncbi.nlm.nih.gov/Traces/study/?acc=SRP712604
target arm unlabeled - CHECK BY HAND,PRJNA1307787,SRP609780,Mus musculus,10 target samples: 0 AD-like / 0 control / 10 other,libraryselection = RANDOM,other,0,10,10,12,12,0,0,0,0,0,0,10,0,0,0,0,0,0,0,0,0,0,0,"isolate_sam_ss_dpl100=cd11b+cd45low, sample_type_sam_ss_dpl131=purified microglia, tissue_sam_ss_dpl145=forebrain and midbrain",0,0,0,10,[RANDOM],"[RNA-Seq,RIP-Seq]",[ILLUMINA],"[Illumina NovaSeq 6000,Illumina NovaSeq X Plus]","[117_LGH0240_L1,122_LGH0242_L1,168_LGH0245_L1,116_LGH0239,165_LGH0243_L1,169_LGH0246_L1,Ctrl_input,Ctrl_IP]",[5xfad],[],300,23.5,2026-08-01 00:00:00.000000 UTC,https://www.ncbi.nlm.nih.gov/bioproject/PRJNA1307787,https://www.ncbi.nlm.nih.gov/Traces/study/?acc=SRP609780
single-arm or too small,PRJNA749157,SRP329562,Mus musculus,9 target samples: 6 AD-like / 0 control / 3 other,libraryselection = RANDOM,other,0,9,9,9,9,0,0,0,0,0,0,9,0,0,0,0,0,0,0,0,0,0,0,tissue_sam_ss_dpl145=spleen,6,0,0,3,[RANDOM PCR],[RNA-Seq],[BGISEQ],[MGISEQ-2000RS],"[VC1,VC4,VC6,C3G2,C3G4,C3G6,APP2,APP4]",[appswe],[],150,38.9,2022-08-31 00:00:00.000000 UTC,https://www.ncbi.nlm.nih.gov/bioproject/PRJNA749157,https://www.ncbi.nlm.nih.gov/Traces/study/?acc=SRP329562